{
    "cheminformatics": {
        "nodes": 37,
        "edges": 168,
        "is_directed": true,
        "average_degree": 9.08108108108108,
        "density": 0.12612612612612611,
        "type": "easygraph.classes.directed_graph.DiGraph"
    },
    "bio": {
        "nodes": 1458,
        "edges": 1948,
        "is_directed": false,
        "average_degree": 2.672153635116598,
        "density": 0.0018340107310340413,
        "type": "easygraph.classes.graph.Graph"
    },
    "eco": {
        "nodes": 1258,
        "edges": 7619,
        "is_directed": false,
        "average_degree": 12.112877583465819,
        "density": 0.009636338570776308,
        "type": "networkx.classes.graph.Graph"
    },
    "pgp": {
        "nodes": 39796,
        "edges": 301498,
        "is_directed": true,
        "average_degree": 15.15217609810031,
        "density": 0.00019037788790175037,
        "type": "networkx.classes.digraph.DiGraph"
    },
    "pgp_undirected": {
        "nodes": 39796,
        "edges": 197150,
        "is_directed": false,
        "average_degree": 9.908030957885215,
        "density": 0.00024897677994434515,
        "type": "networkx.classes.graph.Graph"
    },
    "road": {
        "nodes": 129164,
        "edges": 165435,
        "is_directed": false,
        "average_degree": 2.5616270787525934,
        "density": 1.9832514564949666e-05,
        "type": "easygraph.classes.graph.Graph"
    },
    "enron": {
        "nodes": 36692,
        "edges": 183831,
        "is_directed": false,
        "average_degree": 10.020222391802028,
        "density": 0.00027309755503535,
        "type": "networkx.classes.graph.Graph"
    },
    "google": {
        "nodes": 875713,
        "edges": 5105039,
        "is_directed": true,
        "average_degree": 11.659160021605253,
        "density": 6.656960291514363e-06,
        "type": "networkx.classes.digraph.DiGraph"
    },
    "amazon": {
        "nodes": 262111,
        "edges": 1234877,
        "is_directed": true,
        "average_degree": 9.42254998836371,
        "density": 1.7974419114806206e-05,
        "type": "networkx.classes.digraph.DiGraph"
    },
    "coauthorship": {
        "nodes": 402392,
        "edges": 1234019,
        "is_directed": false,
        "average_degree": 6.1334171653512,
        "density": 1.5242431280399412e-05,
        "type": "networkx.classes.graph.Graph"
    },
    "pokec": {
        "nodes": 1632803,
        "edges": 30622564,
        "is_directed": true,
        "average_degree": 37.50919614919865,
        "density": 1.148614349725155e-05,
        "type": "networkx.classes.digraph.DiGraph"
    },
    "uspowergrid": {
        "nodes": 4941,
        "edges": 6594,
        "is_directed": false,
        "average_degree": 2.66909532483303,
        "density": 0.0005403026973346214,
        "type": "networkx.classes.graph.Graph"
    },
    "stub": {
        "nodes": 5,
        "edges": 10,
        "is_directed": false,
        "average_degree": 4.0,
        "density": 1.0,
        "type": "easygraph.classes.graph.Graph"
    },
    "stub_with_underscore": {
        "nodes": 5,
        "edges": 10,
        "is_directed": false,
        "average_degree": 4.0,
        "density": 1.0,
        "type": "easygraph.classes.graph.Graph"
    },
    "stub_directed": {
        "nodes": 5,
        "edges": 20,
        "is_directed": true,
        "average_degree": 8.0,
        "density": 1.0,
        "type": "easygraph.classes.directed_graph.DiGraph"
    },
    "stub_nx": {
        "nodes": 5,
        "edges": 10,
        "is_directed": false,
        "average_degree": 4.0,
        "density": 1.0,
        "type": "networkx.classes.graph.Graph"
    },
    "er_200": {
        "nodes": 200,
        "edges": 4028,
        "is_directed": false,
        "average_degree": 40.28,
        "density": 0.20241206030150755,
        "type": "easygraph.classes.graph.Graph"
    },
    "er_200_directed": {
        "nodes": 200,
        "edges": 3818,
        "is_directed": true,
        "average_degree": 38.18,
        "density": 0.09592964824120603,
        "type": "easygraph.classes.directed_graph.DiGraph"
    },
    "er_500_directed": {
        "nodes": 500,
        "edges": 24778,
        "is_directed": true,
        "average_degree": 99.112,
        "density": 0.09931062124248496,
        "type": "easygraph.classes.directed_graph.DiGraph"
    },
    "er_500": {
        "nodes": 500,
        "edges": 24807,
        "is_directed": false,
        "average_degree": 99.228,
        "density": 0.19885370741482966,
        "type": "easygraph.classes.graph.Graph"
    },
    "er_1000": {
        "nodes": 1000,
        "edges": 99731,
        "is_directed": false,
        "average_degree": 199.462,
        "density": 0.19966166166166166,
        "type": "easygraph.classes.graph.Graph"
    },
    "er_1000_directed": {
        "nodes": 1000,
        "edges": 99542,
        "is_directed": true,
        "average_degree": 199.084,
        "density": 0.09964164164164165,
        "type": "easygraph.classes.directed_graph.DiGraph"
    },
    "er_2000": {
        "nodes": 2000,
        "edges": 400568,
        "is_directed": false,
        "average_degree": 400.568,
        "density": 0.20038419209604802,
        "type": "easygraph.classes.graph.Graph"
    },
    "er_2000_directed": {
        "nodes": 2000,
        "edges": 399795,
        "is_directed": true,
        "average_degree": 399.795,
        "density": 0.09999874937468735,
        "type": "easygraph.classes.directed_graph.DiGraph"
    },
    "er_5000_directed": {
        "nodes": 5000,
        "edges": 2500063,
        "is_directed": true,
        "average_degree": 1000.0252,
        "density": 0.10002252450490098,
        "type": "easygraph.classes.directed_graph.DiGraph"
    },
    "er_5000": {
        "nodes": 5000,
        "edges": 2496529,
        "is_directed": false,
        "average_degree": 998.6116,
        "density": 0.1997622724544909,
        "type": "easygraph.classes.graph.Graph"
    }
}