{
    "cheminformatics": {
        "nodes": 37,
        "edges": 168,
        "is_directed": true,
        "average_degree": 9.08108108108108,
        "density": 0.12612612612612611,
        "type": "easygraph.classes.directed_graph.DiGraph"
    },
    "bio": {
        "nodes": 1458,
        "edges": 1948,
        "is_directed": false,
        "average_degree": 2.672153635116598,
        "density": 0.0018340107310340413,
        "type": "easygraph.classes.graph.Graph"
    },
    "eco": {
        "nodes": 1258,
        "edges": 7619,
        "is_directed": false,
        "average_degree": 12.112877583465819,
        "density": 0.009636338570776308,
        "type": "networkx.classes.graph.Graph"
    },
    "pgp": {
        "nodes": 39796,
        "edges": 301498,
        "is_directed": true,
        "average_degree": 15.15217609810031,
        "density": 0.00019037788790175037,
        "type": "networkx.classes.digraph.DiGraph"
    },
    "pgp_undirected": {
        "nodes": 39796,
        "edges": 197150,
        "is_directed": false,
        "average_degree": 9.908030957885215,
        "density": 0.00024897677994434515,
        "type": "networkx.classes.graph.Graph"
    },
    "road": {
        "nodes": 129164,
        "edges": 165435,
        "is_directed": false,
        "average_degree": 2.5616270787525934,
        "density": 1.9832514564949666e-05,
        "type": "easygraph.classes.graph.Graph"
    },
    "enron": {
        "nodes": 36692,
        "edges": 183831,
        "is_directed": false,
        "average_degree": 10.020222391802028,
        "density": 0.00027309755503535,
        "type": "networkx.classes.graph.Graph"
    },
    "google": {
        "nodes": 875713,
        "edges": 5105039,
        "is_directed": true,
        "average_degree": 11.659160021605253,
        "density": 6.656960291514363e-06,
        "type": "networkx.classes.digraph.DiGraph"
    },
    "amazon": {
        "nodes": 262111,
        "edges": 1234877,
        "is_directed": true,
        "average_degree": 9.42254998836371,
        "density": 1.7974419114806206e-05,
        "type": "networkx.classes.digraph.DiGraph"
    },
    "coauthorship": {
        "nodes": 402392,
        "edges": 1234019,
        "is_directed": false,
        "average_degree": 6.1334171653512,
        "density": 1.5242431280399412e-05,
        "type": "networkx.classes.graph.Graph"
    },
    "pokec": {
        "nodes": 1632803,
        "edges": 30622564,
        "is_directed": true,
        "average_degree": 37.50919614919865,
        "density": 1.148614349725155e-05,
        "type": "networkx.classes.digraph.DiGraph"
    },
    "uspowergrid": {
        "nodes": 4941,
        "edges": 6594,
        "is_directed": false,
        "average_degree": 2.66909532483303,
        "density": 0.0005403026973346214,
        "type": "networkx.classes.graph.Graph"
    },
    "stub": {
        "nodes": 5,
        "edges": 10,
        "is_directed": false,
        "average_degree": 4.0,
        "density": 1.0,
        "type": "easygraph.classes.graph.Graph"
    },
    "stub_with_underscore": {
        "nodes": 5,
        "edges": 10,
        "is_directed": false,
        "average_degree": 4.0,
        "density": 1.0,
        "type": "easygraph.classes.graph.Graph"
    },
    "stub_directed": {
        "nodes": 5,
        "edges": 20,
        "is_directed": true,
        "average_degree": 8.0,
        "density": 1.0,
        "type": "easygraph.classes.directed_graph.DiGraph"
    },
    "stub_nx": {
        "nodes": 5,
        "edges": 10,
        "is_directed": false,
        "average_degree": 4.0,
        "density": 1.0,
        "type": "networkx.classes.graph.Graph"
    },
    "er_500": {
        "nodes": 500,
        "edges": 2511,
        "is_directed": false,
        "average_degree": 10.044,
        "density": 0.020128256513026053,
        "type": "easygraph.classes.graph.Graph"
    },
    "er_1000": {
        "nodes": 1000,
        "edges": 4950,
        "is_directed": false,
        "average_degree": 9.9,
        "density": 0.00990990990990991,
        "type": "easygraph.classes.graph.Graph"
    },
    "er_5000": {
        "nodes": 5000,
        "edges": 24920,
        "is_directed": false,
        "average_degree": 9.968,
        "density": 0.001993998799759952,
        "type": "easygraph.classes.graph.Graph"
    },
    "er_10000": {
        "nodes": 10000,
        "edges": 50023,
        "is_directed": false,
        "average_degree": 10.0046,
        "density": 0.0010005600560056005,
        "type": "easygraph.classes.graph.Graph"
    },
    "enron_sampled": {
        "nodes": 9301,
        "edges": 79905,
        "is_directed": false,
        "average_degree": 17.182023438339964,
        "density": 0.001847529401972039,
        "type": "networkx.classes.graph.Graph"
    },
    "pgp_undirected_sampled": {
        "nodes": 8781,
        "edges": 51939,
        "is_directed": false,
        "average_degree": 11.829859924837718,
        "density": 0.0013473644561318586,
        "type": "networkx.classes.graph.Graph"
    },
    "pgp_sampled": {
        "nodes": 6465,
        "edges": 18906,
        "is_directed": true,
        "average_degree": 5.848723897911833,
        "density": 0.00045240747972709105,
        "type": "networkx.classes.digraph.DiGraph"
    },
    "road_sampled": {
        "nodes": 2075,
        "edges": 1132,
        "is_directed": false,
        "average_degree": 1.0910843373493977,
        "density": 0.0005260773082687548,
        "type": "networkx.classes.graph.Graph"
    },
    "amazon_sampled": {
        "nodes": 262111,
        "edges": 1234877,
        "is_directed": true,
        "average_degree": 9.42254998836371,
        "density": 1.7974419114806206e-05,
        "type": "networkx.classes.digraph.DiGraph"
    },
    "coauthorship_sampled": {
        "nodes": 4340,
        "edges": 6398,
        "is_directed": false,
        "average_degree": 2.9483870967741934,
        "density": 0.0006795084343798557,
        "type": "networkx.classes.graph.Graph"
    }
}